<?xml version="1.0"?>
<metadata xml:lang="en"><idinfo><native>Microsoft Windows XP Version 5.1 (Build 2600) Service Pack 3; ESRI ArcCatalog 9.3.1.3000</native><descript><abstract>REQUIRED: A brief narrative summary of the data set.</abstract><purpose>REQUIRED: A summary of the intentions with which the data set was developed.</purpose></descript><citation><citeinfo><origin>REQUIRED: The name of an organization or individual that developed the data set.</origin><pubdate>REQUIRED: The date when the data set is published or otherwise made available for release.</pubdate><title>SubRegions29</title><geoform>vector digital data</geoform><onlink/></citeinfo></citation><timeperd><current>REQUIRED: The basis on which the time period of content information is determined.</current><timeinfo><sngdate><caldate>REQUIRED: The year (and optionally month, or month and day) for which the data set corresponds to the ground.</caldate></sngdate></timeinfo></timeperd><status><progress>REQUIRED: The state of the data set.</progress><update>REQUIRED: The frequency with which changes and additions are made to the data set after the initial data set is completed.</update></status><spdom><bounding><westbc>REQUIRED: Western-most coordinate of the limit of coverage expressed in longitude.</westbc><eastbc>REQUIRED: Eastern-most coordinate of the limit of coverage expressed in longitude.</eastbc><northbc>REQUIRED: Northern-most coordinate of the limit of coverage expressed in latitude.</northbc><southbc>REQUIRED: Southern-most coordinate of the limit of coverage expressed in latitude.</southbc></bounding></spdom><keywords/><accconst>REQUIRED: Restrictions and legal prerequisites for accessing the data set.</accconst><useconst>REQUIRED: Restrictions and legal prerequisites for using the data set after access is granted.</useconst></idinfo><dataIdInfo><envirDesc>Microsoft Windows XP Version 5.1 (Build 2600) Service Pack 3; ESRI ArcCatalog 9.3.1.3000</envirDesc><dataLang><languageCode value="en"/><countryCode value="USA"/></dataLang><idCitation><resTitle>SubRegions29</resTitle><presForm><PresFormCd value="005"/></presForm></idCitation><spatRpType><SpatRepTypCd value="001"/></spatRpType><dataExt><geoEle><GeoBndBox esriExtentType="search"><exTypeCode>1</exTypeCode><westBL>-122.425053</westBL><eastBL>-121.273722</eastBL><northBL>38.610858</northBL><southBL>37.775088</southBL></GeoBndBox></geoEle></dataExt></dataIdInfo><metainfo><metstdn>FGDC Content Standards for Digital Geospatial Metadata</metstdn><metstdv>FGDC-STD-001-1998</metstdv><mettc>local time</mettc><metc><cntinfo><cntorgp><cntper>REQUIRED: The person responsible for the metadata information.</cntper><cntorg>REQUIRED: The organization responsible for the metadata information.</cntorg></cntorgp><cntaddr><addrtype>REQUIRED: The mailing and/or physical address for the organization or individual.</addrtype><city>REQUIRED: The city of the address.</city><state>REQUIRED: The state or province of the address.</state><postal>REQUIRED: The ZIP or other postal code of the address.</postal></cntaddr><cntvoice>REQUIRED: The telephone number by which individuals can speak to the organization or individual.</cntvoice></cntinfo></metc><metd>20120229</metd></metainfo><mdLang><languageCode value="en"/><countryCode value="USA"/></mdLang><mdStanName>ISO 19115 Geographic Information - Metadata</mdStanName><mdStanVer>DIS_ESRI1.0</mdStanVer><mdChar><CharSetCd value="004"/></mdChar><mdHrLv><ScopeCd value="005"/></mdHrLv><mdHrLvName>dataset</mdHrLvName><distinfo><resdesc>Downloadable Data</resdesc></distinfo><distInfo><distributor><distorTran><onLineSrc><orDesc>002</orDesc><linkage>file://</linkage><protocol>Local Area Network</protocol></onLineSrc></distorTran><distorFormat><formatName>File Geodatabase Feature Class</formatName></distorFormat></distributor><distFormat><formatName>Shapefile</formatName></distFormat><distTranOps><transSize>0.010</transSize></distTranOps></distInfo><spdoinfo><direct>Vector</direct><ptvctinf/></spdoinfo><spref><horizsys><planar><planci><plance>coordinate pair</plance><plandu>meters</plandu><coordrep><absres>0.000100</absres><ordres>0.000100</ordres></coordrep></planci></planar><geodetic><horizdn>North American Datum of 1983</horizdn><ellips>Geodetic Reference System 80</ellips><semiaxis>6378137.000000</semiaxis><denflat>298.257222</denflat></geodetic></horizsys></spref><refSysInfo><RefSystem><refSysID><identCode>NAD_1983_Albers</identCode><idCodeSpace>EPSG</idCodeSpace><idVersion>7.8.2(3.0.1)</idVersion></refSysID></RefSystem></refSysInfo><spatRepInfo><VectSpatRep><geometObjs><geoObjTyp><GeoObjTypCd value="002"/></geoObjTyp><geoObjCnt>33</geoObjCnt></geometObjs><topLvl><TopoLevCd value="001"/></topLvl></VectSpatRep></spatRepInfo><eainfo><detailed><enttyp><enttypl>SubRegions29</enttypl></enttyp><attr><attrlabl>FID</attrlabl><attrdef>Internal feature number.</attrdef><attrdefs>Esri</attrdefs><attrdomv><udom>Sequential unique whole numbers that are automatically generated.</udom></attrdomv></attr><attr><attrlabl>Shape</attrlabl><attrdef>Feature geometry.</attrdef><attrdefs>ESRI</attrdefs><attrdomv><udom>Coordinates defining the features.</udom></attrdomv></attr><attr><attrlabl>SUBREGION</attrlabl></attr><attr><attrlabl>REGION</attrlabl></attr><attr><attrlabl>Shape_Leng</attrlabl></attr><attr><attrlabl>Shape_Area</attrlabl><attrdef>Area of feature in internal units squared.</attrdef><attrdefs>ESRI</attrdefs><attrdomv><udom>Positive real numbers that are automatically generated.</udom></attrdomv></attr></detailed></eainfo><mdDateSt>20120229</mdDateSt><dataqual><lineage><procstep><procdesc>Dataset copied.</procdesc><srcused>\\IGSWCAWWWS1142\D\Bathymetry\DeltaSmelt\KenNewmanPOD\Project.gdb</srcused><procdate>20120302</procdate><proctime>13150000</proctime></procstep><procstep><procdesc>Dataset copied.</procdesc><srcused/><procdate>20120305</procdate><proctime>13154000</proctime></procstep><procstep><procdesc>Dataset copied.</procdesc><srcused>\\IGSWCAWWWS1142\d\bathymetry\deltasmelt\kennewmanpod\Project.gdb</srcused><procdate>20130531</procdate><proctime>14523200</proctime></procstep><procstep><procdesc>Dataset copied.</procdesc><srcused/><procdate>20130805</procdate><proctime>15523200</proctime></procstep><procstep><procdesc>Dataset copied.</procdesc><srcused/><procdate>20130805</procdate><proctime>15544700</proctime></procstep></lineage></dataqual></metadata>
