StressAllDay,Region,Station,WY,fWY,nDays,totalDays,propDays
N,Central,BAC,2010,2010,264,358,0.737
Y,Central,BAC,2010,2010,94,358,0.263
N,Central,BAC,2011,2011,252,362,0.696
Y,Central,BAC,2011,2011,110,362,0.304
N,Central,BAC,2012,2012,268,339,0.791
Y,Central,BAC,2012,2012,71,339,0.209
N,Central,BAC,2013,2013,247,363,0.68
Y,Central,BAC,2013,2013,116,363,0.32
N,Central,BAC,2014,2014,231,365,0.633
Y,Central,BAC,2014,2014,134,365,0.367
N,Central,BAC,2015,2015,234,363,0.645
Y,Central,BAC,2015,2015,129,363,0.355
N,Central,BAC,2016,2016,253,364,0.695
Y,Central,BAC,2016,2016,111,364,0.305
N,Central,BAC,2017,2017,253,357,0.709
Y,Central,BAC,2017,2017,104,357,0.291
N,Central,BAC,2018,2018,262,365,0.718
Y,Central,BAC,2018,2018,103,365,0.282
N,Central,BAC,2019,2019,250,363,0.689
Y,Central,BAC,2019,2019,113,363,0.311
N,Central,BET,2010,2010,310,364,0.852
Y,Central,BET,2010,2010,54,364,0.148
N,Central,BET,2011,2011,263,363,0.725
Y,Central,BET,2011,2011,100,363,0.275
N,Central,BET,2012,2012,281,362,0.776
Y,Central,BET,2012,2012,81,362,0.224
N,Central,BET,2013,2013,272,360,0.756
Y,Central,BET,2013,2013,88,360,0.244
N,Central,BET,2014,2014,246,365,0.674
Y,Central,BET,2014,2014,119,365,0.326
N,Central,BET,2015,2015,239,363,0.658
Y,Central,BET,2015,2015,124,363,0.342
N,Central,BET,2016,2016,264,357,0.739
Y,Central,BET,2016,2016,93,357,0.261
N,Central,BET,2017,2017,262,357,0.734
Y,Central,BET,2017,2017,95,357,0.266
N,Central,BET,2018,2018,280,365,0.767
Y,Central,BET,2018,2018,85,365,0.233
N,Central,BET,2019,2019,245,338,0.725
Y,Central,BET,2019,2019,93,338,0.275
N,Central,CLC,2010,2010,247,358,0.69
Y,Central,CLC,2010,2010,111,358,0.31
N,Central,CLC,2011,2011,251,363,0.691
Y,Central,CLC,2011,2011,112,363,0.309
N,Central,CLC,2012,2012,231,364,0.635
Y,Central,CLC,2012,2012,133,364,0.365
N,Central,CLC,2013,2013,240,360,0.667
Y,Central,CLC,2013,2013,120,360,0.333
N,Central,CLC,2014,2014,229,364,0.629
Y,Central,CLC,2014,2014,135,364,0.371
N,Central,CLC,2015,2015,219,361,0.607
Y,Central,CLC,2015,2015,142,361,0.393
N,Central,CLC,2016,2016,224,364,0.615
Y,Central,CLC,2016,2016,140,364,0.385
N,Central,CLC,2017,2017,281,364,0.772
Y,Central,CLC,2017,2017,83,364,0.228
N,Central,CLC,2018,2018,245,361,0.679
Y,Central,CLC,2018,2018,116,361,0.321
N,Central,CLC,2019,2019,236,342,0.69
Y,Central,CLC,2019,2019,106,342,0.31
N,Central,DSJ,2011,2011,261,363,0.719
Y,Central,DSJ,2011,2011,102,363,0.281
N,Central,DSJ,2012,2012,279,355,0.786
Y,Central,DSJ,2012,2012,76,355,0.214
N,Central,DSJ,2013,2013,266,349,0.762
Y,Central,DSJ,2013,2013,83,349,0.238
N,Central,DSJ,2014,2014,241,365,0.66
Y,Central,DSJ,2014,2014,124,365,0.34
N,Central,DSJ,2015,2015,242,359,0.674
Y,Central,DSJ,2015,2015,117,359,0.326
N,Central,DSJ,2016,2016,274,365,0.751
Y,Central,DSJ,2016,2016,91,365,0.249
N,Central,DSJ,2017,2017,259,357,0.725
Y,Central,DSJ,2017,2017,98,357,0.275
N,Central,DSJ,2018,2018,280,363,0.771
Y,Central,DSJ,2018,2018,83,363,0.229
N,Central,DSJ,2019,2019,251,363,0.691
Y,Central,DSJ,2019,2019,112,363,0.309
N,Central,FRP,2010,2010,275,363,0.758
Y,Central,FRP,2010,2010,88,363,0.242
N,Central,FRP,2011,2011,252,363,0.694
Y,Central,FRP,2011,2011,111,363,0.306
N,Central,FRP,2012,2012,268,355,0.755
Y,Central,FRP,2012,2012,87,355,0.245
N,Central,FRP,2013,2013,251,357,0.703
Y,Central,FRP,2013,2013,106,357,0.297
N,Central,FRP,2014,2014,231,365,0.633
Y,Central,FRP,2014,2014,134,365,0.367
N,Central,FRP,2015,2015,234,355,0.659
Y,Central,FRP,2015,2015,121,355,0.341
N,Central,FRP,2016,2016,255,364,0.701
Y,Central,FRP,2016,2016,109,364,0.299
N,Central,FRP,2017,2017,256,365,0.701
Y,Central,FRP,2017,2017,109,365,0.299
N,Central,FRP,2018,2018,271,364,0.745
Y,Central,FRP,2018,2018,93,364,0.255
N,Central,FRP,2019,2019,243,357,0.681
Y,Central,FRP,2019,2019,114,357,0.319
N,Central,HLL,2010,2010,275,365,0.753
Y,Central,HLL,2010,2010,90,365,0.247
N,Central,HLL,2011,2011,253,363,0.697
Y,Central,HLL,2011,2011,110,363,0.303
N,Central,HLL,2012,2012,269,363,0.741
Y,Central,HLL,2012,2012,94,363,0.259
N,Central,HLL,2013,2013,256,361,0.709
Y,Central,HLL,2013,2013,105,361,0.291
N,Central,HLL,2014,2014,231,362,0.638
Y,Central,HLL,2014,2014,131,362,0.362
N,Central,HLL,2015,2015,234,363,0.645
Y,Central,HLL,2015,2015,129,363,0.355
N,Central,HLL,2016,2016,244,356,0.685
Y,Central,HLL,2016,2016,112,356,0.315
N,Central,HLL,2017,2017,258,363,0.711
Y,Central,HLL,2017,2017,105,363,0.289
N,Central,HLL,2018,2018,234,344,0.68
Y,Central,HLL,2018,2018,110,344,0.32
N,Central,HLL,2019,2019,245,362,0.677
Y,Central,HLL,2019,2019,117,362,0.323
N,Central,HLT,2010,2010,255,355,0.718
Y,Central,HLT,2010,2010,100,355,0.282
N,Central,HLT,2011,2011,249,355,0.701
Y,Central,HLT,2011,2011,106,355,0.299
N,Central,HLT,2012,2012,263,360,0.731
Y,Central,HLT,2012,2012,97,360,0.269
N,Central,HLT,2013,2013,240,360,0.667
Y,Central,HLT,2013,2013,120,360,0.333
N,Central,HLT,2014,2014,234,365,0.641
Y,Central,HLT,2014,2014,131,365,0.359
N,Central,HLT,2015,2015,230,355,0.648
Y,Central,HLT,2015,2015,125,355,0.352
N,Central,HLT,2016,2016,238,364,0.654
Y,Central,HLT,2016,2016,126,364,0.346
N,Central,HLT,2017,2017,265,360,0.736
Y,Central,HLT,2017,2017,95,360,0.264
N,Central,HLT,2018,2018,243,345,0.704
Y,Central,HLT,2018,2018,102,345,0.296
N,Central,HLT,2019,2019,226,337,0.671
Y,Central,HLT,2019,2019,111,337,0.329
N,Central,HOL,2010,2010,274,365,0.751
Y,Central,HOL,2010,2010,91,365,0.249
N,Central,HOL,2011,2011,248,358,0.693
Y,Central,HOL,2011,2011,110,358,0.307
N,Central,HOL,2012,2012,270,360,0.75
Y,Central,HOL,2012,2012,90,360,0.25
N,Central,HOL,2013,2013,261,360,0.725
Y,Central,HOL,2013,2013,99,360,0.275
N,Central,HOL,2014,2014,234,365,0.641
Y,Central,HOL,2014,2014,131,365,0.359
N,Central,HOL,2015,2015,231,357,0.647
Y,Central,HOL,2015,2015,126,357,0.353
N,Central,HOL,2016,2016,250,362,0.691
Y,Central,HOL,2016,2016,112,362,0.309
N,Central,HOL,2017,2017,255,361,0.706
Y,Central,HOL,2017,2017,106,361,0.294
N,Central,HOL,2018,2018,243,350,0.694
Y,Central,HOL,2018,2018,107,350,0.306
N,Central,HOL,2019,2019,240,354,0.678
Y,Central,HOL,2019,2019,114,354,0.322
N,Central,MDM,2011,2011,248,358,0.693
Y,Central,MDM,2011,2011,110,358,0.307
N,Central,MDM,2012,2012,241,357,0.675
Y,Central,MDM,2012,2012,116,357,0.325
N,Central,MDM,2013,2013,233,358,0.651
Y,Central,MDM,2013,2013,125,358,0.349
N,Central,MDM,2014,2014,231,364,0.635
Y,Central,MDM,2014,2014,133,364,0.365
N,Central,MDM,2015,2015,222,346,0.642
Y,Central,MDM,2015,2015,124,346,0.358
N,Central,MDM,2016,2016,210,364,0.577
Y,Central,MDM,2016,2016,154,364,0.423
N,Central,MDM,2017,2017,266,364,0.731
Y,Central,MDM,2017,2017,98,364,0.269
N,Central,MDM,2018,2018,218,333,0.655
Y,Central,MDM,2018,2018,115,333,0.345
N,Central,MDM,2019,2019,241,355,0.679
Y,Central,MDM,2019,2019,114,355,0.321
N,Central,MTB,2010,2010,270,363,0.744
Y,Central,MTB,2010,2010,93,363,0.256
N,Central,MTB,2011,2011,281,361,0.778
Y,Central,MTB,2011,2011,80,361,0.222
N,Central,MTB,2012,2012,264,362,0.729
Y,Central,MTB,2012,2012,98,362,0.271
N,Central,MTB,2013,2013,241,353,0.683
Y,Central,MTB,2013,2013,112,353,0.317
N,Central,MTB,2014,2014,242,360,0.672
Y,Central,MTB,2014,2014,118,360,0.328
N,Central,MTB,2015,2015,241,363,0.664
Y,Central,MTB,2015,2015,122,363,0.336
N,Central,MTB,2016,2016,243,364,0.668
Y,Central,MTB,2016,2016,121,364,0.332
N,Central,MTB,2017,2017,272,360,0.756
Y,Central,MTB,2017,2017,88,360,0.244
N,Central,MTB,2018,2018,270,365,0.74
Y,Central,MTB,2018,2018,95,365,0.26
N,Central,MTB,2019,2019,252,346,0.728
Y,Central,MTB,2019,2019,94,346,0.272
N,Central,MUP,2011,2011,252,361,0.698
Y,Central,MUP,2011,2011,109,361,0.302
N,Central,MUP,2012,2012,246,362,0.68
Y,Central,MUP,2012,2012,116,362,0.32
N,Central,MUP,2013,2013,238,360,0.661
Y,Central,MUP,2013,2013,122,360,0.339
N,Central,MUP,2014,2014,229,362,0.633
Y,Central,MUP,2014,2014,133,362,0.367
N,Central,MUP,2015,2015,222,358,0.62
Y,Central,MUP,2015,2015,136,358,0.38
N,Central,MUP,2016,2016,231,359,0.643
Y,Central,MUP,2016,2016,128,359,0.357
N,Central,MUP,2017,2017,262,357,0.734
Y,Central,MUP,2017,2017,95,357,0.266
N,Central,MUP,2018,2018,244,315,0.775
Y,Central,MUP,2018,2018,71,315,0.225
N,Central,OBI,2010,2010,259,362,0.715
Y,Central,OBI,2010,2010,103,362,0.285
N,Central,OBI,2011,2011,247,356,0.694
Y,Central,OBI,2011,2011,109,356,0.306
N,Central,OBI,2012,2012,259,361,0.717
Y,Central,OBI,2012,2012,102,361,0.283
N,Central,OBI,2013,2013,229,350,0.654
Y,Central,OBI,2013,2013,121,350,0.346
N,Central,OBI,2014,2014,226,358,0.631
Y,Central,OBI,2014,2014,132,358,0.369
N,Central,OBI,2015,2015,221,346,0.639
Y,Central,OBI,2015,2015,125,346,0.361
N,Central,OBI,2016,2016,240,362,0.663
Y,Central,OBI,2016,2016,122,362,0.337
N,Central,OBI,2017,2017,257,349,0.736
Y,Central,OBI,2017,2017,92,349,0.264
N,Central,OBI,2018,2018,237,352,0.673
Y,Central,OBI,2018,2018,115,352,0.327
N,Central,OBI,2019,2019,223,337,0.662
Y,Central,OBI,2019,2019,114,337,0.338
N,Central,OH4,2011,2011,252,360,0.7
Y,Central,OH4,2011,2011,108,360,0.3
N,Central,OH4,2012,2012,250,364,0.687
Y,Central,OH4,2012,2012,114,364,0.313
N,Central,OH4,2013,2013,228,353,0.646
Y,Central,OH4,2013,2013,125,353,0.354
N,Central,OH4,2014,2014,231,361,0.64
Y,Central,OH4,2014,2014,130,361,0.36
N,Central,OH4,2015,2015,218,355,0.614
Y,Central,OH4,2015,2015,137,355,0.386
N,Central,OH4,2016,2016,226,363,0.623
Y,Central,OH4,2016,2016,137,363,0.377
N,Central,OH4,2017,2017,258,363,0.711
Y,Central,OH4,2017,2017,105,363,0.289
N,Central,OH4,2018,2018,241,357,0.675
Y,Central,OH4,2018,2018,116,357,0.325
N,Central,OH4,2019,2019,233,344,0.677
Y,Central,OH4,2019,2019,111,344,0.323
N,Central,ORI,2012,2012,236,362,0.652
Y,Central,ORI,2012,2012,126,362,0.348
N,Central,ORI,2013,2013,241,360,0.669
Y,Central,ORI,2013,2013,119,360,0.331
N,Central,ORI,2014,2014,226,358,0.631
Y,Central,ORI,2014,2014,132,358,0.369
N,Central,ORI,2015,2015,214,352,0.608
Y,Central,ORI,2015,2015,138,352,0.392
N,Central,ORI,2016,2016,223,361,0.618
Y,Central,ORI,2016,2016,138,361,0.382
N,Central,ORI,2017,2017,297,347,0.856
Y,Central,ORI,2017,2017,50,347,0.144
N,Central,ORI,2018,2018,253,356,0.711
Y,Central,ORI,2018,2018,103,356,0.289
N,Central,ORI,2019,2019,260,343,0.758
Y,Central,ORI,2019,2019,83,343,0.242
N,Central,ORQ,2010,2010,270,360,0.75
Y,Central,ORQ,2010,2010,90,360,0.25
N,Central,ORQ,2011,2011,253,362,0.699
Y,Central,ORQ,2011,2011,109,362,0.301
N,Central,ORQ,2012,2012,262,357,0.734
Y,Central,ORQ,2012,2012,95,357,0.266
N,Central,ORQ,2013,2013,258,360,0.717
Y,Central,ORQ,2013,2013,102,360,0.283
N,Central,ORQ,2014,2014,231,361,0.64
Y,Central,ORQ,2014,2014,130,361,0.36
N,Central,ORQ,2015,2015,232,357,0.65
Y,Central,ORQ,2015,2015,125,357,0.35
N,Central,ORQ,2016,2016,248,360,0.689
Y,Central,ORQ,2016,2016,112,360,0.311
N,Central,ORQ,2017,2017,264,363,0.727
Y,Central,ORQ,2017,2017,99,363,0.273
N,Central,ORQ,2018,2018,260,356,0.73
Y,Central,ORQ,2018,2018,96,356,0.27
N,Central,ORQ,2019,2019,240,350,0.686
Y,Central,ORQ,2019,2019,110,350,0.314
N,Central,RRI,2010,2010,249,360,0.692
Y,Central,RRI,2010,2010,111,360,0.308
N,Central,RRI,2011,2011,281,362,0.776
Y,Central,RRI,2011,2011,81,362,0.224
N,Central,RRI,2012,2012,244,365,0.668
Y,Central,RRI,2012,2012,121,365,0.332
N,Central,RRI,2013,2013,234,360,0.65
Y,Central,RRI,2013,2013,126,360,0.35
N,Central,RRI,2014,2014,236,365,0.647
Y,Central,RRI,2014,2014,129,365,0.353
N,Central,RRI,2015,2015,209,361,0.579
Y,Central,RRI,2015,2015,152,361,0.421
N,Central,RRI,2016,2016,213,360,0.592
Y,Central,RRI,2016,2016,147,360,0.408
N,Central,RRI,2017,2017,268,360,0.744
Y,Central,RRI,2017,2017,92,360,0.256
N,Central,RRI,2018,2018,244,360,0.678
Y,Central,RRI,2018,2018,116,360,0.322
N,Central,RRI,2019,2019,260,360,0.722
Y,Central,RRI,2019,2019,100,360,0.278
N,Central,TRN,2010,2010,220,330,0.667
Y,Central,TRN,2010,2010,110,330,0.333
N,Central,TRN,2011,2011,267,363,0.736
Y,Central,TRN,2011,2011,96,363,0.264
N,Central,TRN,2012,2012,246,358,0.687
Y,Central,TRN,2012,2012,112,358,0.313
N,Central,TRN,2013,2013,239,362,0.66
Y,Central,TRN,2013,2013,123,362,0.34
N,Central,TRN,2014,2014,235,365,0.644
Y,Central,TRN,2014,2014,130,365,0.356
N,Central,TRN,2015,2015,220,360,0.611
Y,Central,TRN,2015,2015,140,360,0.389
N,Central,TRN,2016,2016,206,343,0.601
Y,Central,TRN,2016,2016,137,343,0.399
N,Central,TRN,2017,2017,256,348,0.736
Y,Central,TRN,2017,2017,92,348,0.264
N,Central,TRN,2018,2018,236,339,0.696
Y,Central,TRN,2018,2018,103,339,0.304
N,Central,TRN,2019,2019,209,316,0.661
Y,Central,TRN,2019,2019,107,316,0.339
N,Central,VCU,2010,2010,251,360,0.697
Y,Central,VCU,2010,2010,109,360,0.303
N,Central,VCU,2011,2011,238,347,0.686
Y,Central,VCU,2011,2011,109,347,0.314
N,Central,VCU,2012,2012,242,364,0.665
Y,Central,VCU,2012,2012,122,364,0.335
N,Central,VCU,2013,2013,238,359,0.663
Y,Central,VCU,2013,2013,121,359,0.337
N,Central,VCU,2014,2014,232,357,0.65
Y,Central,VCU,2014,2014,125,357,0.35
N,Central,VCU,2015,2015,226,360,0.628
Y,Central,VCU,2015,2015,134,360,0.372
N,Central,VCU,2016,2016,228,355,0.642
Y,Central,VCU,2016,2016,127,355,0.358
N,Central,VCU,2017,2017,256,354,0.723
Y,Central,VCU,2017,2017,98,354,0.277
N,Central,VCU,2018,2018,242,342,0.708
Y,Central,VCU,2018,2018,100,342,0.292
N,Central,VCU,2019,2019,243,355,0.685
Y,Central,VCU,2019,2019,112,355,0.315
N,Central,VIC,2010,2010,253,360,0.703
Y,Central,VIC,2010,2010,107,360,0.297
N,Central,VIC,2011,2011,254,363,0.7
Y,Central,VIC,2011,2011,109,363,0.3
N,Central,VIC,2012,2012,240,361,0.665
Y,Central,VIC,2012,2012,121,361,0.335
N,Central,VIC,2013,2013,237,359,0.66
Y,Central,VIC,2013,2013,122,359,0.34
N,Central,VIC,2014,2014,232,365,0.636
Y,Central,VIC,2014,2014,133,365,0.364
N,Central,VIC,2015,2015,223,363,0.614
Y,Central,VIC,2015,2015,140,363,0.386
N,Central,VIC,2016,2016,231,364,0.635
Y,Central,VIC,2016,2016,133,364,0.365
N,Central,VIC,2017,2017,275,363,0.758
Y,Central,VIC,2017,2017,88,363,0.242
N,Central,VIC,2018,2018,246,362,0.68
Y,Central,VIC,2018,2018,116,362,0.32
N,Central,VIC,2019,2019,245,362,0.677
Y,Central,VIC,2019,2019,117,362,0.323
N,Confluence,ANC,2010,2010,337,350,0.963
Y,Confluence,ANC,2010,2010,13,350,0.037
N,Confluence,ANC,2011,2011,310,363,0.854
Y,Confluence,ANC,2011,2011,53,363,0.146
N,Confluence,ANC,2012,2012,336,364,0.923
Y,Confluence,ANC,2012,2012,28,364,0.077
N,Confluence,ANC,2013,2013,299,349,0.857
Y,Confluence,ANC,2013,2013,50,349,0.143
N,Confluence,ANC,2014,2014,279,363,0.769
Y,Confluence,ANC,2014,2014,84,363,0.231
N,Confluence,ANC,2015,2015,256,357,0.717
Y,Confluence,ANC,2015,2015,101,357,0.283
N,Confluence,ANC,2016,2016,312,365,0.855
Y,Confluence,ANC,2016,2016,53,365,0.145
N,Confluence,ANC,2017,2017,274,359,0.763
Y,Confluence,ANC,2017,2017,85,359,0.237
N,Confluence,ANH,2010,2010,353,363,0.972
Y,Confluence,ANH,2010,2010,10,363,0.028
N,Confluence,ANH,2011,2011,315,363,0.868
Y,Confluence,ANH,2011,2011,48,363,0.132
N,Confluence,ANH,2012,2012,340,366,0.929
Y,Confluence,ANH,2012,2012,26,366,0.071
N,Confluence,ANH,2013,2013,318,365,0.871
Y,Confluence,ANH,2013,2013,47,365,0.129
N,Confluence,ANH,2014,2014,282,358,0.788
Y,Confluence,ANH,2014,2014,76,358,0.212
N,Confluence,ANH,2015,2015,265,362,0.732
Y,Confluence,ANH,2015,2015,97,362,0.268
N,Confluence,ANH,2016,2016,311,363,0.857
Y,Confluence,ANH,2016,2016,52,363,0.143
N,Confluence,ANH,2017,2017,274,360,0.761
Y,Confluence,ANH,2017,2017,86,360,0.239
N,Confluence,ANH,2018,2018,300,362,0.829
Y,Confluence,ANH,2018,2018,62,362,0.171
N,Confluence,ANH,2019,2019,262,362,0.724
Y,Confluence,ANH,2019,2019,100,362,0.276
N,Confluence,BLP,2011,2011,337,353,0.955
Y,Confluence,BLP,2011,2011,16,353,0.045
N,Confluence,BLP,2012,2012,359,364,0.986
Y,Confluence,BLP,2012,2012,5,364,0.014
N,Confluence,BLP,2013,2013,273,339,0.805
Y,Confluence,BLP,2013,2013,66,339,0.195
N,Confluence,BLP,2014,2014,263,363,0.725
Y,Confluence,BLP,2014,2014,100,363,0.275
N,Confluence,BLP,2015,2015,231,338,0.683
Y,Confluence,BLP,2015,2015,107,338,0.317
N,Confluence,BLP,2016,2016,284,355,0.8
Y,Confluence,BLP,2016,2016,71,355,0.2
N,Confluence,BLP,2017,2017,266,355,0.749
Y,Confluence,BLP,2017,2017,89,355,0.251
N,Confluence,BLP,2018,2018,289,363,0.796
Y,Confluence,BLP,2018,2018,74,363,0.204
N,Confluence,BLP,2019,2019,263,365,0.721
Y,Confluence,BLP,2019,2019,102,365,0.279
N,Confluence,EMM,2010,2010,352,358,0.983
Y,Confluence,EMM,2010,2010,6,358,0.017
N,Confluence,EMM,2011,2011,319,360,0.886
Y,Confluence,EMM,2011,2011,41,360,0.114
N,Confluence,EMM,2012,2012,321,352,0.912
Y,Confluence,EMM,2012,2012,31,352,0.088
N,Confluence,EMM,2013,2013,311,363,0.857
Y,Confluence,EMM,2013,2013,52,363,0.143
N,Confluence,EMM,2014,2014,283,365,0.775
Y,Confluence,EMM,2014,2014,82,365,0.225
N,Confluence,EMM,2015,2015,268,363,0.738
Y,Confluence,EMM,2015,2015,95,363,0.262
N,Confluence,EMM,2016,2016,307,364,0.843
Y,Confluence,EMM,2016,2016,57,364,0.157
N,Confluence,EMM,2017,2017,278,362,0.768
Y,Confluence,EMM,2017,2017,84,362,0.232
N,Confluence,EMM,2018,2018,323,358,0.902
Y,Confluence,EMM,2018,2018,35,358,0.098
N,Confluence,EMM,2019,2019,283,365,0.775
Y,Confluence,EMM,2019,2019,82,365,0.225
N,Confluence,FAL,2010,2010,314,356,0.882
Y,Confluence,FAL,2010,2010,42,356,0.118
N,Confluence,FAL,2011,2011,270,362,0.746
Y,Confluence,FAL,2011,2011,92,362,0.254
N,Confluence,FAL,2012,2012,296,363,0.815
Y,Confluence,FAL,2012,2012,67,363,0.185
N,Confluence,FAL,2013,2013,291,359,0.811
Y,Confluence,FAL,2013,2013,68,359,0.189
N,Confluence,FAL,2014,2014,247,349,0.708
Y,Confluence,FAL,2014,2014,102,349,0.292
N,Confluence,FAL,2015,2015,242,361,0.67
Y,Confluence,FAL,2015,2015,119,361,0.33
N,Confluence,FAL,2016,2016,279,361,0.773
Y,Confluence,FAL,2016,2016,82,361,0.227
N,Confluence,FAL,2017,2017,272,365,0.745
Y,Confluence,FAL,2017,2017,93,365,0.255
N,Confluence,FAL,2018,2018,271,343,0.79
Y,Confluence,FAL,2018,2018,72,343,0.21
N,Confluence,FAL,2019,2019,246,349,0.705
Y,Confluence,FAL,2019,2019,103,349,0.295
N,Confluence,JER,2010,2010,328,361,0.909
Y,Confluence,JER,2010,2010,33,361,0.091
N,Confluence,JER,2011,2011,268,362,0.74
Y,Confluence,JER,2011,2011,94,362,0.26
N,Confluence,JER,2012,2012,295,361,0.817
Y,Confluence,JER,2012,2012,66,361,0.183
N,Confluence,JER,2013,2013,294,365,0.805
Y,Confluence,JER,2013,2013,71,365,0.195
N,Confluence,JER,2014,2014,251,365,0.688
Y,Confluence,JER,2014,2014,114,365,0.312
N,Confluence,JER,2015,2015,243,363,0.669
Y,Confluence,JER,2015,2015,120,363,0.331
N,Confluence,JER,2016,2016,283,364,0.777
Y,Confluence,JER,2016,2016,81,364,0.223
N,Confluence,JER,2017,2017,271,365,0.742
Y,Confluence,JER,2017,2017,94,365,0.258
N,Confluence,JER,2018,2018,285,362,0.787
Y,Confluence,JER,2018,2018,77,362,0.213
N,Confluence,JER,2019,2019,257,363,0.708
Y,Confluence,JER,2019,2019,106,363,0.292
N,Confluence,LPS,2011,2011,296,363,0.815
Y,Confluence,LPS,2011,2011,67,363,0.185
N,Confluence,LPS,2012,2012,290,365,0.795
Y,Confluence,LPS,2012,2012,75,365,0.205
N,Confluence,LPS,2013,2013,255,363,0.702
Y,Confluence,LPS,2013,2013,108,363,0.298
N,Confluence,LPS,2014,2014,235,365,0.644
Y,Confluence,LPS,2014,2014,130,365,0.356
N,Confluence,LPS,2015,2015,237,362,0.655
Y,Confluence,LPS,2015,2015,125,362,0.345
N,Confluence,LPS,2016,2016,257,362,0.71
Y,Confluence,LPS,2016,2016,105,362,0.29
N,Confluence,LPS,2017,2017,269,357,0.754
Y,Confluence,LPS,2017,2017,88,357,0.246
N,Confluence,LPS,2018,2018,264,359,0.735
Y,Confluence,LPS,2018,2018,95,359,0.265
N,Confluence,LPS,2019,2019,284,353,0.805
Y,Confluence,LPS,2019,2019,69,353,0.195
N,Confluence,MOK,2010,2010,311,365,0.852
Y,Confluence,MOK,2010,2010,54,365,0.148
N,Confluence,MOK,2011,2011,319,365,0.874
Y,Confluence,MOK,2011,2011,46,365,0.126
N,Confluence,MOK,2012,2012,310,364,0.852
Y,Confluence,MOK,2012,2012,54,364,0.148
N,Confluence,MOK,2013,2013,248,347,0.715
Y,Confluence,MOK,2013,2013,99,347,0.285
N,Confluence,MOK,2014,2014,236,356,0.663
Y,Confluence,MOK,2014,2014,120,356,0.337
N,Confluence,MOK,2016,2016,270,350,0.771
Y,Confluence,MOK,2016,2016,80,350,0.229
N,Confluence,MOK,2017,2017,276,363,0.76
Y,Confluence,MOK,2017,2017,87,363,0.24
N,Confluence,MOK,2018,2018,258,344,0.75
Y,Confluence,MOK,2018,2018,86,344,0.25
N,Confluence,MOK,2019,2019,277,341,0.812
Y,Confluence,MOK,2019,2019,64,341,0.188
N,Confluence,OSJ,2010,2010,308,363,0.848
Y,Confluence,OSJ,2010,2010,55,363,0.152
N,Confluence,OSJ,2011,2011,272,363,0.749
Y,Confluence,OSJ,2011,2011,91,363,0.251
N,Confluence,OSJ,2012,2012,290,366,0.792
Y,Confluence,OSJ,2012,2012,76,366,0.208
N,Confluence,OSJ,2014,2014,237,362,0.655
Y,Confluence,OSJ,2014,2014,125,362,0.345
N,Confluence,OSJ,2015,2015,232,349,0.665
Y,Confluence,OSJ,2015,2015,117,349,0.335
N,Confluence,OSJ,2016,2016,263,361,0.729
Y,Confluence,OSJ,2016,2016,98,361,0.271
N,Confluence,OSJ,2017,2017,271,362,0.749
Y,Confluence,OSJ,2017,2017,91,362,0.251
N,Confluence,OSJ,2018,2018,262,349,0.751
Y,Confluence,OSJ,2018,2018,87,349,0.249
N,Confluence,OSJ,2019,2019,249,334,0.746
Y,Confluence,OSJ,2019,2019,85,334,0.254
N,Confluence,PPT,2010,2010,317,363,0.873
Y,Confluence,PPT,2010,2010,46,363,0.127
N,Confluence,PPT,2011,2011,271,363,0.747
Y,Confluence,PPT,2011,2011,92,363,0.253
N,Confluence,PPT,2012,2012,278,363,0.766
Y,Confluence,PPT,2012,2012,85,363,0.234
N,Confluence,PPT,2013,2013,262,362,0.724
Y,Confluence,PPT,2013,2013,100,362,0.276
N,Confluence,PPT,2014,2014,237,365,0.649
Y,Confluence,PPT,2014,2014,128,365,0.351
N,Confluence,PPT,2015,2015,237,360,0.658
Y,Confluence,PPT,2015,2015,123,360,0.342
N,Confluence,PPT,2016,2016,254,362,0.702
Y,Confluence,PPT,2016,2016,108,362,0.298
N,Confluence,PPT,2017,2017,271,361,0.751
Y,Confluence,PPT,2017,2017,90,361,0.249
N,Confluence,PPT,2018,2018,261,362,0.721
Y,Confluence,PPT,2018,2018,101,362,0.279
N,Confluence,PPT,2019,2019,263,361,0.729
Y,Confluence,PPT,2019,2019,98,361,0.271
N,Confluence,PRI,2010,2010,289,361,0.801
Y,Confluence,PRI,2010,2010,72,361,0.199
N,Confluence,PRI,2011,2011,271,363,0.747
Y,Confluence,PRI,2011,2011,92,363,0.253
N,Confluence,PRI,2012,2012,284,366,0.776
Y,Confluence,PRI,2012,2012,82,366,0.224
N,Confluence,PRI,2013,2013,256,359,0.713
Y,Confluence,PRI,2013,2013,103,359,0.287
N,Confluence,PRI,2014,2014,201,324,0.62
Y,Confluence,PRI,2014,2014,123,324,0.38
N,Confluence,PRI,2015,2015,234,352,0.665
Y,Confluence,PRI,2015,2015,118,352,0.335
N,Confluence,PRI,2016,2016,240,349,0.688
Y,Confluence,PRI,2016,2016,109,349,0.312
N,Confluence,PRI,2017,2017,268,351,0.764
Y,Confluence,PRI,2017,2017,83,351,0.236
N,Confluence,PRI,2018,2018,255,352,0.724
Y,Confluence,PRI,2018,2018,97,352,0.276
N,Confluence,PRI,2019,2019,263,351,0.749
Y,Confluence,PRI,2019,2019,88,351,0.251
N,Confluence,RIV,2010,2010,338,364,0.929
Y,Confluence,RIV,2010,2010,26,364,0.071
N,Confluence,RIV,2011,2011,324,363,0.893
Y,Confluence,RIV,2011,2011,39,363,0.107
N,Confluence,RIV,2012,2012,283,329,0.86
Y,Confluence,RIV,2012,2012,46,329,0.14
N,Confluence,RIV,2013,2013,277,363,0.763
Y,Confluence,RIV,2013,2013,86,363,0.237
N,Confluence,RIV,2014,2014,244,364,0.67
Y,Confluence,RIV,2014,2014,120,364,0.33
N,Confluence,RIV,2015,2015,238,357,0.667
Y,Confluence,RIV,2015,2015,119,357,0.333
N,Confluence,RIV,2016,2016,290,366,0.792
Y,Confluence,RIV,2016,2016,76,366,0.208
N,Confluence,RIV,2017,2017,274,361,0.759
Y,Confluence,RIV,2017,2017,87,361,0.241
N,Confluence,RIV,2018,2018,291,364,0.799
Y,Confluence,RIV,2018,2018,73,364,0.201
N,Confluence,RIV,2019,2019,294,364,0.808
Y,Confluence,RIV,2019,2019,70,364,0.192
N,Confluence,RVB,2010,2010,333,363,0.917
Y,Confluence,RVB,2010,2010,30,363,0.083
N,Confluence,RVB,2011,2011,317,364,0.871
Y,Confluence,RVB,2011,2011,47,364,0.129
N,Confluence,RVB,2012,2012,319,366,0.872
Y,Confluence,RVB,2012,2012,47,366,0.128
N,Confluence,RVB,2013,2013,285,363,0.785
Y,Confluence,RVB,2013,2013,78,363,0.215
N,Confluence,RVB,2014,2014,244,365,0.668
Y,Confluence,RVB,2014,2014,121,365,0.332
N,Confluence,RVB,2015,2015,244,362,0.674
Y,Confluence,RVB,2015,2015,118,362,0.326
N,Confluence,RVB,2016,2016,289,364,0.794
Y,Confluence,RVB,2016,2016,75,364,0.206
N,Confluence,RVB,2017,2017,277,360,0.769
Y,Confluence,RVB,2017,2017,83,360,0.231
N,Confluence,RVB,2018,2018,284,362,0.785
Y,Confluence,RVB,2018,2018,78,362,0.215
N,Confluence,RVB,2019,2019,289,363,0.796
Y,Confluence,RVB,2019,2019,74,363,0.204
N,Confluence,SAL,2010,2010,322,365,0.882
Y,Confluence,SAL,2010,2010,43,365,0.118
N,Confluence,SAL,2011,2011,295,363,0.813
Y,Confluence,SAL,2011,2011,68,363,0.187
N,Confluence,SAL,2012,2012,298,360,0.828
Y,Confluence,SAL,2012,2012,62,360,0.172
N,Confluence,SAL,2013,2013,274,361,0.759
Y,Confluence,SAL,2013,2013,87,361,0.241
N,Confluence,SAL,2014,2014,243,365,0.666
Y,Confluence,SAL,2014,2014,122,365,0.334
N,Confluence,SAL,2015,2015,241,361,0.668
Y,Confluence,SAL,2015,2015,120,361,0.332
N,Confluence,SAL,2016,2016,271,364,0.745
Y,Confluence,SAL,2016,2016,93,364,0.255
N,Confluence,SAL,2017,2017,276,352,0.784
Y,Confluence,SAL,2017,2017,76,352,0.216
N,Confluence,SAL,2018,2018,220,278,0.791
Y,Confluence,SAL,2018,2018,58,278,0.209
N,Confluence,SAL,2019,2019,246,331,0.743
Y,Confluence,SAL,2019,2019,85,331,0.257
N,Confluence,SDI,2011,2011,331,362,0.914
Y,Confluence,SDI,2011,2011,31,362,0.086
N,Confluence,SDI,2012,2012,330,360,0.917
Y,Confluence,SDI,2012,2012,30,360,0.083
N,Confluence,SDI,2013,2013,313,363,0.862
Y,Confluence,SDI,2013,2013,50,363,0.138
N,Confluence,SDI,2014,2014,283,363,0.78
Y,Confluence,SDI,2014,2014,80,363,0.22
N,Confluence,SDI,2015,2015,262,355,0.738
Y,Confluence,SDI,2015,2015,93,355,0.262
N,Confluence,SDI,2016,2016,310,366,0.847
Y,Confluence,SDI,2016,2016,56,366,0.153
N,Confluence,SDI,2018,2018,292,346,0.844
Y,Confluence,SDI,2018,2018,54,346,0.156
N,Confluence,SDI,2019,2019,281,340,0.826
Y,Confluence,SDI,2019,2019,59,340,0.174
N,Confluence,SRV,2011,2011,310,362,0.856
Y,Confluence,SRV,2011,2011,52,362,0.144
N,Confluence,SRV,2012,2012,319,366,0.872
Y,Confluence,SRV,2012,2012,47,366,0.128
N,Confluence,SRV,2013,2013,285,365,0.781
Y,Confluence,SRV,2013,2013,80,365,0.219
N,Confluence,SRV,2014,2014,245,363,0.675
Y,Confluence,SRV,2014,2014,118,363,0.325
N,Confluence,SRV,2015,2015,244,361,0.676
Y,Confluence,SRV,2015,2015,117,361,0.324
N,Confluence,SRV,2016,2016,291,365,0.797
Y,Confluence,SRV,2016,2016,74,365,0.203
N,Confluence,SRV,2017,2017,277,364,0.761
Y,Confluence,SRV,2017,2017,87,364,0.239
N,Confluence,SRV,2018,2018,281,360,0.781
Y,Confluence,SRV,2018,2018,79,360,0.219
N,Confluence,SRV,2019,2019,287,350,0.82
Y,Confluence,SRV,2019,2019,63,350,0.18
N,Confluence,STI,2010,2010,308,365,0.844
Y,Confluence,STI,2010,2010,57,365,0.156
N,Confluence,STI,2011,2011,297,361,0.823
Y,Confluence,STI,2011,2011,64,361,0.177
N,Confluence,STI,2012,2012,293,361,0.812
Y,Confluence,STI,2012,2012,68,361,0.188
N,Confluence,STI,2013,2013,259,361,0.717
Y,Confluence,STI,2013,2013,102,361,0.283
N,Confluence,STI,2014,2014,233,363,0.642
Y,Confluence,STI,2014,2014,130,363,0.358
N,Confluence,STI,2015,2015,237,363,0.653
Y,Confluence,STI,2015,2015,126,363,0.347
N,Confluence,STI,2016,2016,272,364,0.747
Y,Confluence,STI,2016,2016,92,364,0.253
N,Confluence,STI,2017,2017,265,353,0.751
Y,Confluence,STI,2017,2017,88,353,0.249
N,Confluence,STI,2018,2018,274,365,0.751
Y,Confluence,STI,2018,2018,91,365,0.249
N,Confluence,STI,2019,2019,285,358,0.796
Y,Confluence,STI,2019,2019,73,358,0.204
N,Confluence,TMS,2010,2010,342,365,0.937
Y,Confluence,TMS,2010,2010,23,365,0.063
N,Confluence,TMS,2011,2011,300,359,0.836
Y,Confluence,TMS,2011,2011,59,359,0.164
N,Confluence,TMS,2012,2012,298,353,0.844
Y,Confluence,TMS,2012,2012,55,353,0.156
N,Confluence,TMS,2013,2013,252,323,0.78
Y,Confluence,TMS,2013,2013,71,323,0.22
N,Confluence,TMS,2014,2014,301,359,0.838
Y,Confluence,TMS,2014,2014,58,359,0.162
N,Confluence,TMS,2015,2015,261,365,0.715
Y,Confluence,TMS,2015,2015,104,365,0.285
N,Confluence,TMS,2016,2016,294,364,0.808
Y,Confluence,TMS,2016,2016,70,364,0.192
N,Confluence,TMS,2017,2017,275,359,0.766
Y,Confluence,TMS,2017,2017,84,359,0.234
N,Confluence,TMS,2018,2018,294,365,0.805
Y,Confluence,TMS,2018,2018,71,365,0.195
N,Confluence,TMS,2019,2019,267,352,0.759
Y,Confluence,TMS,2019,2019,85,352,0.241
N,Confluence,TSL,2010,2010,331,365,0.907
Y,Confluence,TSL,2010,2010,34,365,0.093
N,Confluence,TSL,2011,2011,296,363,0.815
Y,Confluence,TSL,2011,2011,67,363,0.185
N,Confluence,TSL,2012,2012,294,353,0.833
Y,Confluence,TSL,2012,2012,59,353,0.167
N,Confluence,TSL,2013,2013,289,362,0.798
Y,Confluence,TSL,2013,2013,73,362,0.202
N,Confluence,TSL,2014,2014,248,363,0.683
Y,Confluence,TSL,2014,2014,115,363,0.317
N,Confluence,TSL,2015,2015,243,360,0.675
Y,Confluence,TSL,2015,2015,117,360,0.325
N,Confluence,TSL,2016,2016,281,360,0.781
Y,Confluence,TSL,2016,2016,79,360,0.219
N,Confluence,TSL,2017,2017,274,365,0.751
Y,Confluence,TSL,2017,2017,91,365,0.249
N,Confluence,TSL,2018,2018,287,363,0.791
Y,Confluence,TSL,2018,2018,76,363,0.209
N,Confluence,TSL,2019,2019,275,360,0.764
Y,Confluence,TSL,2019,2019,85,360,0.236
N,North Delta,BKS,2010,2010,318,349,0.911
Y,North Delta,BKS,2010,2010,31,349,0.089
N,North Delta,BKS,2011,2011,293,359,0.816
Y,North Delta,BKS,2011,2011,66,359,0.184
N,North Delta,BKS,2012,2012,324,346,0.936
Y,North Delta,BKS,2012,2012,22,346,0.064
N,North Delta,BKS,2013,2013,297,341,0.871
Y,North Delta,BKS,2013,2013,44,341,0.129
N,North Delta,BKS,2014,2014,298,361,0.825
Y,North Delta,BKS,2014,2014,63,361,0.175
N,North Delta,BKS,2015,2015,305,354,0.862
Y,North Delta,BKS,2015,2015,49,354,0.138
N,North Delta,BKS,2016,2016,251,281,0.893
Y,North Delta,BKS,2016,2016,30,281,0.107
N,North Delta,BKS,2017,2017,261,326,0.801
Y,North Delta,BKS,2017,2017,65,326,0.199
N,North Delta,BKS,2018,2018,285,316,0.902
Y,North Delta,BKS,2018,2018,31,316,0.098
N,North Delta,BKS,2019,2019,287,345,0.832
Y,North Delta,BKS,2019,2019,58,345,0.168
N,North Delta,DLC,2011,2011,334,364,0.918
Y,North Delta,DLC,2011,2011,30,364,0.082
N,North Delta,DLC,2012,2012,308,364,0.846
Y,North Delta,DLC,2012,2012,56,364,0.154
N,North Delta,DLC,2013,2013,256,362,0.707
Y,North Delta,DLC,2013,2013,106,362,0.293
N,North Delta,DLC,2014,2014,225,365,0.616
Y,North Delta,DLC,2014,2014,140,365,0.384
N,North Delta,DLC,2015,2015,237,360,0.658
Y,North Delta,DLC,2015,2015,123,360,0.342
N,North Delta,DLC,2016,2016,296,364,0.813
Y,North Delta,DLC,2016,2016,68,364,0.187
N,North Delta,DLC,2017,2017,278,359,0.774
Y,North Delta,DLC,2017,2017,81,359,0.226
N,North Delta,DLC,2018,2018,287,357,0.804
Y,North Delta,DLC,2018,2018,70,357,0.196
N,North Delta,DLC,2019,2019,273,326,0.837
Y,North Delta,DLC,2019,2019,53,326,0.163
N,North Delta,DWS,2012,2012,328,364,0.901
Y,North Delta,DWS,2012,2012,36,364,0.099
N,North Delta,DWS,2013,2013,295,361,0.817
Y,North Delta,DWS,2013,2013,66,361,0.183
N,North Delta,DWS,2014,2014,246,364,0.676
Y,North Delta,DWS,2014,2014,118,364,0.324
N,North Delta,DWS,2015,2015,239,351,0.681
Y,North Delta,DWS,2015,2015,112,351,0.319
N,North Delta,DWS,2016,2016,310,366,0.847
Y,North Delta,DWS,2016,2016,56,366,0.153
N,North Delta,DWS,2017,2017,272,360,0.756
Y,North Delta,DWS,2017,2017,88,360,0.244
N,North Delta,DWS,2018,2018,298,359,0.83
Y,North Delta,DWS,2018,2018,61,359,0.17
N,North Delta,DWS,2019,2019,270,335,0.806
Y,North Delta,DWS,2019,2019,65,335,0.194
N,North Delta,GES,2011,2011,335,364,0.92
Y,North Delta,GES,2011,2011,29,364,0.08
N,North Delta,GES,2012,2012,324,365,0.888
Y,North Delta,GES,2012,2012,41,365,0.112
N,North Delta,GES,2013,2013,271,362,0.749
Y,North Delta,GES,2013,2013,91,362,0.251
N,North Delta,GES,2014,2014,223,362,0.616
Y,North Delta,GES,2014,2014,139,362,0.384
N,North Delta,GES,2015,2015,228,355,0.642
Y,North Delta,GES,2015,2015,127,355,0.358
N,North Delta,GES,2016,2016,304,366,0.831
Y,North Delta,GES,2016,2016,62,366,0.169
N,North Delta,GES,2017,2017,285,358,0.796
Y,North Delta,GES,2017,2017,73,358,0.204
N,North Delta,GES,2018,2018,291,354,0.822
Y,North Delta,GES,2018,2018,63,354,0.178
N,North Delta,GES,2019,2019,301,351,0.858
Y,North Delta,GES,2019,2019,50,351,0.142
N,North Delta,GSS,2011,2011,338,364,0.929
Y,North Delta,GSS,2011,2011,26,364,0.071
N,North Delta,GSS,2012,2012,319,359,0.889
Y,North Delta,GSS,2012,2012,40,359,0.111
N,North Delta,GSS,2013,2013,267,362,0.738
Y,North Delta,GSS,2013,2013,95,362,0.262
N,North Delta,GSS,2014,2014,226,364,0.621
Y,North Delta,GSS,2014,2014,138,364,0.379
N,North Delta,GSS,2015,2015,232,360,0.644
Y,North Delta,GSS,2015,2015,128,360,0.356
N,North Delta,GSS,2016,2016,302,365,0.827
Y,North Delta,GSS,2016,2016,63,365,0.173
N,North Delta,GSS,2017,2017,283,359,0.788
Y,North Delta,GSS,2017,2017,76,359,0.212
N,North Delta,GSS,2018,2018,290,358,0.81
Y,North Delta,GSS,2018,2018,68,358,0.19
N,North Delta,GSS,2019,2019,307,359,0.855
Y,North Delta,GSS,2019,2019,52,359,0.145
N,North Delta,HWB,2011,2011,350,365,0.959
Y,North Delta,HWB,2011,2011,15,365,0.041
N,North Delta,HWB,2012,2012,336,366,0.918
Y,North Delta,HWB,2012,2012,30,366,0.082
N,North Delta,HWB,2013,2013,270,365,0.74
Y,North Delta,HWB,2013,2013,95,365,0.26
N,North Delta,HWB,2014,2014,226,363,0.623
Y,North Delta,HWB,2014,2014,137,363,0.377
N,North Delta,HWB,2015,2015,236,360,0.656
Y,North Delta,HWB,2015,2015,124,360,0.344
N,North Delta,HWB,2016,2016,309,365,0.847
Y,North Delta,HWB,2016,2016,56,365,0.153
N,North Delta,HWB,2017,2017,286,361,0.792
Y,North Delta,HWB,2017,2017,75,361,0.208
N,North Delta,HWB,2018,2018,296,358,0.827
Y,North Delta,HWB,2018,2018,62,358,0.173
N,North Delta,HWB,2019,2019,300,347,0.865
Y,North Delta,HWB,2019,2019,47,347,0.135
N,North Delta,LIS,2012,2012,255,362,0.704
Y,North Delta,LIS,2012,2012,107,362,0.296
N,North Delta,LIS,2013,2013,252,356,0.708
Y,North Delta,LIS,2013,2013,104,356,0.292
N,North Delta,LIS,2014,2014,235,361,0.651
Y,North Delta,LIS,2014,2014,126,361,0.349
N,North Delta,LIS,2015,2015,273,358,0.763
Y,North Delta,LIS,2015,2015,85,358,0.237
N,North Delta,LIS,2016,2016,261,364,0.717
Y,North Delta,LIS,2016,2016,103,364,0.283
N,North Delta,LIS,2017,2017,241,359,0.671
Y,North Delta,LIS,2017,2017,118,359,0.329
N,North Delta,LIS,2018,2018,242,339,0.714
Y,North Delta,LIS,2018,2018,97,339,0.286
N,North Delta,LIS,2019,2019,206,318,0.648
Y,North Delta,LIS,2019,2019,112,318,0.352
N,North Delta,SRH,2010,2010,345,364,0.948
Y,North Delta,SRH,2010,2010,19,364,0.052
N,North Delta,SRH,2011,2011,336,358,0.939
Y,North Delta,SRH,2011,2011,22,358,0.061
N,North Delta,SRH,2012,2012,335,365,0.918
Y,North Delta,SRH,2012,2012,30,365,0.082
N,North Delta,SRH,2013,2013,269,364,0.739
Y,North Delta,SRH,2013,2013,95,364,0.261
N,North Delta,SRH,2014,2014,231,365,0.633
Y,North Delta,SRH,2014,2014,134,365,0.367
N,North Delta,SRH,2015,2015,240,363,0.661
Y,North Delta,SRH,2015,2015,123,363,0.339
N,North Delta,SRH,2016,2016,312,365,0.855
Y,North Delta,SRH,2016,2016,53,365,0.145
N,North Delta,SRH,2017,2017,294,363,0.81
Y,North Delta,SRH,2017,2017,69,363,0.19
N,North Delta,SRH,2018,2018,299,361,0.828
Y,North Delta,SRH,2018,2018,62,361,0.172
N,North Delta,SRH,2019,2019,318,363,0.876
Y,North Delta,SRH,2019,2019,45,363,0.124
N,South,BDT,2010,2010,276,365,0.756
Y,South,BDT,2010,2010,89,365,0.244
N,South,BDT,2011,2011,358,363,0.986
Y,South,BDT,2011,2011,5,363,0.014
N,South,BDT,2012,2012,263,366,0.719
Y,South,BDT,2012,2012,103,366,0.281
N,South,BDT,2013,2013,245,363,0.675
Y,South,BDT,2013,2013,118,363,0.325
N,South,BDT,2014,2014,235,365,0.644
Y,South,BDT,2014,2014,130,365,0.356
N,South,BDT,2015,2015,217,362,0.599
Y,South,BDT,2015,2015,145,362,0.401
N,South,BDT,2016,2016,227,364,0.624
Y,South,BDT,2016,2016,137,364,0.376
N,South,BDT,2017,2017,351,363,0.967
Y,South,BDT,2017,2017,12,363,0.033
N,South,BDT,2018,2018,262,365,0.718
Y,South,BDT,2018,2018,103,365,0.282
N,South,BDT,2019,2019,303,363,0.835
Y,South,BDT,2019,2019,60,363,0.165
N,South,DGL,2010,2010,280,365,0.767
Y,South,DGL,2010,2010,85,365,0.233
N,South,DGL,2011,2011,328,335,0.979
Y,South,DGL,2011,2011,7,335,0.021
N,South,DGL,2012,2012,257,357,0.72
Y,South,DGL,2012,2012,100,357,0.28
N,South,DGL,2013,2013,228,343,0.665
Y,South,DGL,2013,2013,115,343,0.335
N,South,DGL,2014,2014,236,363,0.65
Y,South,DGL,2014,2014,127,363,0.35
N,South,DGL,2015,2015,230,355,0.648
Y,South,DGL,2015,2015,125,355,0.352
N,South,DGL,2016,2016,232,364,0.637
Y,South,DGL,2016,2016,132,364,0.363
N,South,DGL,2017,2017,342,354,0.966
Y,South,DGL,2017,2017,12,354,0.034
N,South,DGL,2018,2018,264,359,0.735
Y,South,DGL,2018,2018,95,359,0.265
N,South,DGL,2019,2019,284,349,0.814
Y,South,DGL,2019,2019,65,349,0.186
N,South,GCT,2010,2010,272,361,0.753
Y,South,GCT,2010,2010,89,361,0.247
N,South,GCT,2011,2011,345,361,0.956
Y,South,GCT,2011,2011,16,361,0.044
N,South,GCT,2012,2012,240,349,0.688
Y,South,GCT,2012,2012,109,349,0.312
N,South,GCT,2013,2013,244,362,0.674
Y,South,GCT,2013,2013,118,362,0.326
N,South,GCT,2014,2014,226,357,0.633
Y,South,GCT,2014,2014,131,357,0.367
N,South,GCT,2015,2015,229,354,0.647
Y,South,GCT,2015,2015,125,354,0.353
N,South,GCT,2016,2016,220,348,0.632
Y,South,GCT,2016,2016,128,348,0.368
N,South,GCT,2017,2017,328,343,0.956
Y,South,GCT,2017,2017,15,343,0.044
N,South,GCT,2018,2018,244,294,0.83
Y,South,GCT,2018,2018,50,294,0.17
N,South,GLC,2010,2010,267,360,0.742
Y,South,GLC,2010,2010,93,360,0.258
N,South,GLC,2011,2011,340,363,0.937
Y,South,GLC,2011,2011,23,363,0.063
N,South,GLC,2012,2012,249,364,0.684
Y,South,GLC,2012,2012,115,364,0.316
N,South,GLC,2013,2013,243,351,0.692
Y,South,GLC,2013,2013,108,351,0.308
N,South,GLC,2014,2014,219,346,0.633
Y,South,GLC,2014,2014,127,346,0.367
N,South,GLC,2015,2015,223,356,0.626
Y,South,GLC,2015,2015,133,356,0.374
N,South,GLC,2016,2016,236,362,0.652
Y,South,GLC,2016,2016,126,362,0.348
N,South,GLC,2017,2017,330,354,0.932
Y,South,GLC,2017,2017,24,354,0.068
N,South,GLC,2018,2018,248,351,0.707
Y,South,GLC,2018,2018,103,351,0.293
N,South,GLC,2019,2019,264,343,0.77
Y,South,GLC,2019,2019,79,343,0.23
N,South,MHO,2011,2011,307,323,0.95
Y,South,MHO,2011,2011,16,323,0.05
N,South,MHO,2012,2012,258,364,0.709
Y,South,MHO,2012,2012,106,364,0.291
N,South,MHO,2013,2013,243,354,0.686
Y,South,MHO,2013,2013,111,354,0.314
N,South,MHO,2014,2014,233,362,0.644
Y,South,MHO,2014,2014,129,362,0.356
N,South,MHO,2015,2015,245,360,0.681
Y,South,MHO,2015,2015,115,360,0.319
N,South,MHO,2016,2016,246,361,0.681
Y,South,MHO,2016,2016,115,361,0.319
N,South,MHO,2017,2017,313,362,0.865
Y,South,MHO,2017,2017,49,362,0.135
N,South,MHO,2018,2018,263,352,0.747
Y,South,MHO,2018,2018,89,352,0.253
N,South,MHO,2019,2019,271,357,0.759
Y,South,MHO,2019,2019,86,357,0.241
N,South,MSD,2010,2010,281,364,0.772
Y,South,MSD,2010,2010,83,364,0.228
N,South,MSD,2011,2011,358,363,0.986
Y,South,MSD,2011,2011,5,363,0.014
N,South,MSD,2012,2012,258,366,0.705
Y,South,MSD,2012,2012,108,366,0.295
N,South,MSD,2013,2013,247,363,0.68
Y,South,MSD,2013,2013,116,363,0.32
N,South,MSD,2014,2014,232,359,0.646
Y,South,MSD,2014,2014,127,359,0.354
N,South,MSD,2015,2015,220,362,0.608
Y,South,MSD,2015,2015,142,362,0.392
N,South,MSD,2016,2016,234,363,0.645
Y,South,MSD,2016,2016,129,363,0.355
N,South,MSD,2017,2017,356,361,0.986
Y,South,MSD,2017,2017,5,361,0.014
N,South,MSD,2018,2018,265,362,0.732
Y,South,MSD,2018,2018,97,362,0.268
N,South,MSD,2019,2019,325,361,0.9
Y,South,MSD,2019,2019,36,361,0.1
N,South,ODM,2011,2011,294,352,0.835
Y,South,ODM,2011,2011,58,352,0.165
N,South,ODM,2012,2012,257,354,0.726
Y,South,ODM,2012,2012,97,354,0.274
N,South,ODM,2013,2013,245,352,0.696
Y,South,ODM,2013,2013,107,352,0.304
N,South,ODM,2014,2014,237,365,0.649
Y,South,ODM,2014,2014,128,365,0.351
N,South,ODM,2015,2015,230,361,0.637
Y,South,ODM,2015,2015,131,361,0.363
N,South,ODM,2016,2016,247,351,0.704
Y,South,ODM,2016,2016,104,351,0.296
N,South,ODM,2017,2017,278,363,0.766
Y,South,ODM,2017,2017,85,363,0.234
N,South,ODM,2018,2018,252,337,0.748
Y,South,ODM,2018,2018,85,337,0.252
N,South,ODM,2019,2019,252,342,0.737
Y,South,ODM,2019,2019,90,342,0.263
N,South,OLD,2010,2010,276,364,0.758
Y,South,OLD,2010,2010,88,364,0.242
N,South,OLD,2011,2011,346,363,0.953
Y,South,OLD,2011,2011,17,363,0.047
N,South,OLD,2012,2012,252,363,0.694
Y,South,OLD,2012,2012,111,363,0.306
N,South,OLD,2013,2013,249,362,0.688
Y,South,OLD,2013,2013,113,362,0.312
N,South,OLD,2014,2014,235,365,0.644
Y,South,OLD,2014,2014,130,365,0.356
N,South,OLD,2015,2015,238,360,0.661
Y,South,OLD,2015,2015,122,360,0.339
N,South,OLD,2016,2016,247,365,0.677
Y,South,OLD,2016,2016,118,365,0.323
N,South,OLD,2017,2017,320,363,0.882
Y,South,OLD,2017,2017,43,363,0.118
N,South,OLD,2018,2018,268,360,0.744
Y,South,OLD,2018,2018,92,360,0.256
N,South,OLD,2019,2019,280,363,0.771
Y,South,OLD,2019,2019,83,363,0.229
N,South,SJG,2011,2011,346,363,0.953
Y,South,SJG,2011,2011,17,363,0.047
N,South,SJG,2012,2012,253,366,0.691
Y,South,SJG,2012,2012,113,366,0.309
N,South,SJG,2013,2013,244,363,0.672
Y,South,SJG,2013,2013,119,363,0.328
N,South,SJG,2014,2014,236,365,0.647
Y,South,SJG,2014,2014,129,365,0.353
N,South,SJG,2015,2015,215,358,0.601
Y,South,SJG,2015,2015,143,358,0.399
N,South,SJG,2016,2016,225,363,0.62
Y,South,SJG,2016,2016,138,363,0.38
N,South,SJG,2017,2017,335,363,0.923
Y,South,SJG,2017,2017,28,363,0.077
N,South,SJG,2018,2018,253,351,0.721
Y,South,SJG,2018,2018,98,351,0.279
N,South,SJG,2019,2019,273,350,0.78
Y,South,SJG,2019,2019,77,350,0.22
N,South,SJL,2010,2010,283,365,0.775
Y,South,SJL,2010,2010,82,365,0.225
N,South,SJL,2011,2011,356,363,0.981
Y,South,SJL,2011,2011,7,363,0.019
N,South,SJL,2012,2012,264,366,0.721
Y,South,SJL,2012,2012,102,366,0.279
N,South,SJL,2013,2013,248,361,0.687
Y,South,SJL,2013,2013,113,361,0.313
N,South,SJL,2014,2014,217,346,0.627
Y,South,SJL,2014,2014,129,346,0.373
N,South,SJL,2015,2015,214,354,0.605
Y,South,SJL,2015,2015,140,354,0.395
N,South,SJL,2016,2016,214,349,0.613
Y,South,SJL,2016,2016,135,349,0.387
N,South,SJL,2017,2017,353,360,0.981
Y,South,SJL,2017,2017,7,360,0.019
N,South,SJL,2018,2018,263,364,0.723
Y,South,SJL,2018,2018,101,364,0.277
N,South,SJL,2019,2019,305,356,0.857
Y,South,SJL,2019,2019,51,356,0.143
N,South,SJR,2010,2010,303,365,0.83
Y,South,SJR,2010,2010,62,365,0.17
N,South,SJR,2011,2011,360,363,0.992
Y,South,SJR,2011,2011,3,363,0.008
N,South,SJR,2012,2012,285,366,0.779
Y,South,SJR,2012,2012,81,366,0.221
N,South,SJR,2013,2013,261,363,0.719
Y,South,SJR,2013,2013,102,363,0.281
N,South,SJR,2014,2014,263,364,0.723
Y,South,SJR,2014,2014,101,364,0.277
N,South,SJR,2015,2015,273,363,0.752
Y,South,SJR,2015,2015,90,363,0.248
N,South,SJR,2016,2016,280,362,0.773
Y,South,SJR,2016,2016,82,362,0.227
N,South,SJR,2017,2017,356,359,0.992
Y,South,SJR,2017,2017,3,359,0.008
N,South,SJR,2018,2018,284,365,0.778
Y,South,SJR,2018,2018,81,365,0.222
N,South,SJR,2019,2019,342,361,0.947
Y,South,SJR,2019,2019,19,361,0.053
N,South,UNI,2010,2010,276,357,0.773
Y,South,UNI,2010,2010,81,357,0.227
N,South,UNI,2011,2011,347,356,0.975
Y,South,UNI,2011,2011,9,356,0.025
N,South,UNI,2012,2012,261,363,0.719
Y,South,UNI,2012,2012,102,363,0.281
N,South,UNI,2013,2013,245,357,0.686
Y,South,UNI,2013,2013,112,357,0.314
N,South,UNI,2014,2014,234,365,0.641
Y,South,UNI,2014,2014,131,365,0.359
N,South,UNI,2015,2015,221,356,0.621
Y,South,UNI,2015,2015,135,356,0.379
N,South,UNI,2016,2016,237,364,0.651
Y,South,UNI,2016,2016,127,364,0.349
N,South,UNI,2017,2017,353,363,0.972
Y,South,UNI,2017,2017,10,363,0.028
N,South,UNI,2018,2018,262,363,0.722
Y,South,UNI,2018,2018,101,363,0.278
N,South,UNI,2019,2019,303,363,0.835
Y,South,UNI,2019,2019,60,363,0.165
N,Suisun Bay,CLL,2010,2010,363,365,0.995
Y,Suisun Bay,CLL,2010,2010,2,365,0.005
N,Suisun Bay,CLL,2011,2011,358,365,0.981
Y,Suisun Bay,CLL,2011,2011,7,365,0.019
N,Suisun Bay,CLL,2012,2012,354,362,0.978
Y,Suisun Bay,CLL,2012,2012,8,362,0.022
N,Suisun Bay,CLL,2013,2013,320,357,0.896
Y,Suisun Bay,CLL,2013,2013,37,357,0.104
N,Suisun Bay,CLL,2014,2014,319,365,0.874
Y,Suisun Bay,CLL,2014,2014,46,365,0.126
N,Suisun Bay,CLL,2015,2015,295,362,0.815
Y,Suisun Bay,CLL,2015,2015,67,362,0.185
N,Suisun Bay,CLL,2016,2016,342,366,0.934
Y,Suisun Bay,CLL,2016,2016,24,366,0.066
N,Suisun Bay,CLL,2017,2017,289,365,0.792
Y,Suisun Bay,CLL,2017,2017,76,365,0.208
N,Suisun Bay,CLL,2018,2018,322,360,0.894
Y,Suisun Bay,CLL,2018,2018,38,360,0.106
N,Suisun Bay,CLL,2019,2019,289,358,0.807
Y,Suisun Bay,CLL,2019,2019,69,358,0.193
N,Suisun Bay,CSE,2010,2010,358,365,0.981
Y,Suisun Bay,CSE,2010,2010,7,365,0.019
N,Suisun Bay,CSE,2011,2011,335,361,0.928
Y,Suisun Bay,CSE,2011,2011,26,361,0.072
N,Suisun Bay,CSE,2012,2012,350,365,0.959
Y,Suisun Bay,CSE,2012,2012,15,365,0.041
N,Suisun Bay,CSE,2013,2013,334,364,0.918
Y,Suisun Bay,CSE,2013,2013,30,364,0.082
N,Suisun Bay,CSE,2014,2014,330,361,0.914
Y,Suisun Bay,CSE,2014,2014,31,361,0.086
N,Suisun Bay,CSE,2015,2015,304,363,0.837
Y,Suisun Bay,CSE,2015,2015,59,363,0.163
N,Suisun Bay,CSE,2016,2016,344,363,0.948
Y,Suisun Bay,CSE,2016,2016,19,363,0.052
N,Suisun Bay,CSE,2017,2017,291,361,0.806
Y,Suisun Bay,CSE,2017,2017,70,361,0.194
N,Suisun Bay,CSE,2018,2018,329,362,0.909
Y,Suisun Bay,CSE,2018,2018,33,362,0.091
N,Suisun Bay,CSE,2019,2019,289,362,0.798
Y,Suisun Bay,CSE,2019,2019,73,362,0.202
N,Suisun Bay,MAL,2010,2010,363,365,0.995
Y,Suisun Bay,MAL,2010,2010,2,365,0.005
N,Suisun Bay,MAL,2011,2011,350,365,0.959
Y,Suisun Bay,MAL,2011,2011,15,365,0.041
N,Suisun Bay,MAL,2012,2012,363,366,0.992
Y,Suisun Bay,MAL,2012,2012,3,366,0.008
N,Suisun Bay,MAL,2013,2013,334,363,0.92
Y,Suisun Bay,MAL,2013,2013,29,363,0.08
N,Suisun Bay,MAL,2014,2014,337,364,0.926
Y,Suisun Bay,MAL,2014,2014,27,364,0.074
N,Suisun Bay,MAL,2015,2015,299,362,0.826
Y,Suisun Bay,MAL,2015,2015,63,362,0.174
N,Suisun Bay,MAL,2016,2016,343,364,0.942
Y,Suisun Bay,MAL,2016,2016,21,364,0.058
N,Suisun Bay,MAL,2017,2017,285,362,0.787
Y,Suisun Bay,MAL,2017,2017,77,362,0.213
N,Suisun Bay,MAL,2018,2018,341,363,0.939
Y,Suisun Bay,MAL,2018,2018,22,363,0.061
N,Suisun Bay,MAL,2019,2019,288,359,0.802
Y,Suisun Bay,MAL,2019,2019,71,359,0.198
N,Suisun Bay,MRZ,2010,2010,362,362,1
Y,Suisun Bay,MRZ,2010,2010,0,362,0
N,Suisun Bay,MRZ,2011,2011,355,355,1
Y,Suisun Bay,MRZ,2011,2011,0,355,0
N,Suisun Bay,MRZ,2012,2012,366,366,1
Y,Suisun Bay,MRZ,2012,2012,0,366,0
N,Suisun Bay,MRZ,2013,2013,358,365,0.981
Y,Suisun Bay,MRZ,2013,2013,7,365,0.019
N,Suisun Bay,MRZ,2014,2014,343,346,0.991
Y,Suisun Bay,MRZ,2014,2014,3,346,0.009
N,Suisun Bay,MRZ,2015,2015,330,362,0.912
Y,Suisun Bay,MRZ,2015,2015,32,362,0.088
N,Suisun Bay,MRZ,2016,2016,364,364,1
Y,Suisun Bay,MRZ,2016,2016,0,364,0
N,Suisun Bay,MRZ,2017,2017,350,362,0.967
Y,Suisun Bay,MRZ,2017,2017,12,362,0.033
N,Suisun Bay,MRZ,2018,2018,362,362,1
Y,Suisun Bay,MRZ,2018,2018,0,362,0
N,Suisun Bay,MRZ,2019,2019,336,363,0.926
Y,Suisun Bay,MRZ,2019,2019,27,363,0.074
N,Suisun Bay,MSL,2010,2010,359,365,0.984
Y,Suisun Bay,MSL,2010,2010,6,365,0.016
N,Suisun Bay,MSL,2011,2011,354,364,0.973
Y,Suisun Bay,MSL,2011,2011,10,364,0.027
N,Suisun Bay,MSL,2012,2012,358,366,0.978
Y,Suisun Bay,MSL,2012,2012,8,366,0.022
N,Suisun Bay,MSL,2013,2013,333,365,0.912
Y,Suisun Bay,MSL,2013,2013,32,365,0.088
N,Suisun Bay,MSL,2014,2014,327,363,0.901
Y,Suisun Bay,MSL,2014,2014,36,363,0.099
N,Suisun Bay,MSL,2015,2015,314,351,0.895
Y,Suisun Bay,MSL,2015,2015,37,351,0.105
N,Suisun Bay,MSL,2016,2016,334,364,0.918
Y,Suisun Bay,MSL,2016,2016,30,364,0.082
N,Suisun Bay,MSL,2017,2017,288,363,0.793
Y,Suisun Bay,MSL,2017,2017,75,363,0.207
N,Suisun Bay,MSL,2018,2018,330,362,0.912
Y,Suisun Bay,MSL,2018,2018,32,362,0.088
N,Suisun Bay,MSL,2019,2019,276,357,0.773
Y,Suisun Bay,MSL,2019,2019,81,357,0.227
N,Suisun Bay,PCT,2010,2010,365,365,1
Y,Suisun Bay,PCT,2010,2010,0,365,0
N,Suisun Bay,PCT,2011,2011,350,355,0.986
Y,Suisun Bay,PCT,2011,2011,5,355,0.014
N,Suisun Bay,PCT,2012,2012,363,363,1
Y,Suisun Bay,PCT,2012,2012,0,363,0
N,Suisun Bay,PCT,2013,2013,341,360,0.947
Y,Suisun Bay,PCT,2013,2013,19,360,0.053
N,Suisun Bay,PCT,2014,2014,353,365,0.967
Y,Suisun Bay,PCT,2014,2014,12,365,0.033
N,Suisun Bay,PCT,2015,2015,318,363,0.876
Y,Suisun Bay,PCT,2015,2015,45,363,0.124
N,Suisun Bay,PCT,2016,2016,352,362,0.972
Y,Suisun Bay,PCT,2016,2016,10,362,0.028
N,Suisun Bay,PCT,2017,2017,305,325,0.938
Y,Suisun Bay,PCT,2017,2017,20,325,0.062
N,Suisun Bay,PCT,2018,2018,316,320,0.988
Y,Suisun Bay,PCT,2018,2018,4,320,0.013
N,Suisun Bay,PCT,2019,2019,274,344,0.797
Y,Suisun Bay,PCT,2019,2019,70,344,0.203
N,Suisun Bay,PTS,2010,2010,354,364,0.973
Y,Suisun Bay,PTS,2010,2010,10,364,0.027
N,Suisun Bay,PTS,2011,2011,308,325,0.948
Y,Suisun Bay,PTS,2011,2011,17,325,0.052
N,Suisun Bay,PTS,2012,2012,344,356,0.966
Y,Suisun Bay,PTS,2012,2012,12,356,0.034
N,Suisun Bay,PTS,2013,2013,326,363,0.898
Y,Suisun Bay,PTS,2013,2013,37,363,0.102
N,Suisun Bay,PTS,2014,2014,322,365,0.882
Y,Suisun Bay,PTS,2014,2014,43,365,0.118
N,Suisun Bay,PTS,2015,2015,277,330,0.839
Y,Suisun Bay,PTS,2015,2015,53,330,0.161
N,Suisun Bay,PTS,2016,2016,338,364,0.929
Y,Suisun Bay,PTS,2016,2016,26,364,0.071
N,Suisun Bay,PTS,2017,2017,281,365,0.77
Y,Suisun Bay,PTS,2017,2017,84,365,0.23
N,Suisun Bay,PTS,2018,2018,333,363,0.917
Y,Suisun Bay,PTS,2018,2018,30,363,0.083
N,Suisun Bay,PTS,2019,2019,282,365,0.773
Y,Suisun Bay,PTS,2019,2019,83,365,0.227
N,Suisun Marsh,BDL,2010,2010,342,365,0.937
Y,Suisun Marsh,BDL,2010,2010,23,365,0.063
N,Suisun Marsh,BDL,2011,2011,305,361,0.845
Y,Suisun Marsh,BDL,2011,2011,56,361,0.155
N,Suisun Marsh,BDL,2012,2012,322,364,0.885
Y,Suisun Marsh,BDL,2012,2012,42,364,0.115
N,Suisun Marsh,BDL,2013,2013,317,365,0.868
Y,Suisun Marsh,BDL,2013,2013,48,365,0.132
N,Suisun Marsh,BDL,2014,2014,284,363,0.782
Y,Suisun Marsh,BDL,2014,2014,79,363,0.218
N,Suisun Marsh,BDL,2015,2015,275,364,0.755
Y,Suisun Marsh,BDL,2015,2015,89,364,0.245
N,Suisun Marsh,BDL,2016,2016,302,365,0.827
Y,Suisun Marsh,BDL,2016,2016,63,365,0.173
N,Suisun Marsh,BDL,2017,2017,276,362,0.762
Y,Suisun Marsh,BDL,2017,2017,86,362,0.238
N,Suisun Marsh,BDL,2018,2018,308,361,0.853
Y,Suisun Marsh,BDL,2018,2018,53,361,0.147
N,Suisun Marsh,BDL,2019,2019,238,330,0.721
Y,Suisun Marsh,BDL,2019,2019,92,330,0.279
N,Suisun Marsh,BLL,2010,2010,345,360,0.958
Y,Suisun Marsh,BLL,2010,2010,15,360,0.042
N,Suisun Marsh,BLL,2011,2011,332,363,0.915
Y,Suisun Marsh,BLL,2011,2011,31,363,0.085
N,Suisun Marsh,BLL,2012,2012,337,363,0.928
Y,Suisun Marsh,BLL,2012,2012,26,363,0.072
N,Suisun Marsh,BLL,2013,2013,333,363,0.917
Y,Suisun Marsh,BLL,2013,2013,30,363,0.083
N,Suisun Marsh,BLL,2014,2014,324,363,0.893
Y,Suisun Marsh,BLL,2014,2014,39,363,0.107
N,Suisun Marsh,BLL,2015,2015,313,360,0.869
Y,Suisun Marsh,BLL,2015,2015,47,360,0.131
N,Suisun Marsh,BLL,2016,2016,328,365,0.899
Y,Suisun Marsh,BLL,2016,2016,37,365,0.101
N,Suisun Marsh,BLL,2017,2017,290,354,0.819
Y,Suisun Marsh,BLL,2017,2017,64,354,0.181
N,Suisun Marsh,BLL,2018,2018,328,355,0.924
Y,Suisun Marsh,BLL,2018,2018,27,355,0.076
N,Suisun Marsh,CYG,2011,2011,337,364,0.926
Y,Suisun Marsh,CYG,2011,2011,27,364,0.074
N,Suisun Marsh,CYG,2012,2012,343,366,0.937
Y,Suisun Marsh,CYG,2012,2012,23,366,0.063
N,Suisun Marsh,CYG,2013,2013,328,363,0.904
Y,Suisun Marsh,CYG,2013,2013,35,363,0.096
N,Suisun Marsh,CYG,2014,2014,314,363,0.865
Y,Suisun Marsh,CYG,2014,2014,49,363,0.135
N,Suisun Marsh,CYG,2015,2015,291,362,0.804
Y,Suisun Marsh,CYG,2015,2015,71,362,0.196
N,Suisun Marsh,CYG,2016,2016,325,364,0.893
Y,Suisun Marsh,CYG,2016,2016,39,364,0.107
N,Suisun Marsh,CYG,2017,2017,277,354,0.782
Y,Suisun Marsh,CYG,2017,2017,77,354,0.218
N,Suisun Marsh,CYG,2018,2018,325,362,0.898
Y,Suisun Marsh,CYG,2018,2018,37,362,0.102
N,Suisun Marsh,CYG,2019,2019,279,363,0.769
Y,Suisun Marsh,CYG,2019,2019,84,363,0.231
N,Suisun Marsh,GYS,2010,2010,341,359,0.95
Y,Suisun Marsh,GYS,2010,2010,18,359,0.05
N,Suisun Marsh,GYS,2011,2011,340,363,0.937
Y,Suisun Marsh,GYS,2011,2011,23,363,0.063
N,Suisun Marsh,GYS,2012,2012,323,342,0.944
Y,Suisun Marsh,GYS,2012,2012,19,342,0.056
N,Suisun Marsh,GYS,2013,2013,344,365,0.942
Y,Suisun Marsh,GYS,2013,2013,21,365,0.058
N,Suisun Marsh,GYS,2014,2014,329,359,0.916
Y,Suisun Marsh,GYS,2014,2014,30,359,0.084
N,Suisun Marsh,GYS,2015,2015,327,362,0.903
Y,Suisun Marsh,GYS,2015,2015,35,362,0.097
N,Suisun Marsh,GYS,2016,2016,318,341,0.933
Y,Suisun Marsh,GYS,2016,2016,23,341,0.067
N,Suisun Marsh,GYS,2017,2017,305,362,0.843
Y,Suisun Marsh,GYS,2017,2017,57,362,0.157
N,Suisun Marsh,GYS,2018,2018,321,339,0.947
Y,Suisun Marsh,GYS,2018,2018,18,339,0.053
N,Suisun Marsh,GYS,2019,2019,299,358,0.835
Y,Suisun Marsh,GYS,2019,2019,59,358,0.165
N,Suisun Marsh,HUN,2011,2011,346,364,0.951
Y,Suisun Marsh,HUN,2011,2011,18,364,0.049
N,Suisun Marsh,HUN,2012,2012,352,366,0.962
Y,Suisun Marsh,HUN,2012,2012,14,366,0.038
N,Suisun Marsh,HUN,2013,2013,333,365,0.912
Y,Suisun Marsh,HUN,2013,2013,32,365,0.088
N,Suisun Marsh,HUN,2014,2014,331,363,0.912
Y,Suisun Marsh,HUN,2014,2014,32,363,0.088
N,Suisun Marsh,HUN,2015,2015,307,362,0.848
Y,Suisun Marsh,HUN,2015,2015,55,362,0.152
N,Suisun Marsh,HUN,2016,2016,337,364,0.926
Y,Suisun Marsh,HUN,2016,2016,27,364,0.074
N,Suisun Marsh,HUN,2017,2017,299,362,0.826
Y,Suisun Marsh,HUN,2017,2017,63,362,0.174
N,Suisun Marsh,HUN,2018,2018,337,360,0.936
Y,Suisun Marsh,HUN,2018,2018,23,360,0.064
N,Suisun Marsh,HUN,2019,2019,288,364,0.791
Y,Suisun Marsh,HUN,2019,2019,76,364,0.209
N,Suisun Marsh,IBS,2010,2010,339,360,0.942
Y,Suisun Marsh,IBS,2010,2010,21,360,0.058
N,Suisun Marsh,IBS,2011,2011,331,362,0.914
Y,Suisun Marsh,IBS,2011,2011,31,362,0.086
N,Suisun Marsh,IBS,2012,2012,323,358,0.902
Y,Suisun Marsh,IBS,2012,2012,35,358,0.098
N,Suisun Marsh,IBS,2013,2013,323,360,0.897
Y,Suisun Marsh,IBS,2013,2013,37,360,0.103
N,Suisun Marsh,IBS,2014,2014,292,363,0.804
Y,Suisun Marsh,IBS,2014,2014,71,363,0.196
N,Suisun Marsh,IBS,2015,2015,279,362,0.771
Y,Suisun Marsh,IBS,2015,2015,83,362,0.229
N,Suisun Marsh,IBS,2016,2016,319,362,0.881
Y,Suisun Marsh,IBS,2016,2016,43,362,0.119
N,Suisun Marsh,IBS,2017,2017,284,360,0.789
Y,Suisun Marsh,IBS,2017,2017,76,360,0.211
N,Suisun Marsh,IBS,2018,2018,312,343,0.91
Y,Suisun Marsh,IBS,2018,2018,31,343,0.09
N,Suisun Marsh,IBS,2019,2019,275,354,0.777
Y,Suisun Marsh,IBS,2019,2019,79,354,0.223
N,Suisun Marsh,NSL,2010,2010,352,363,0.97
Y,Suisun Marsh,NSL,2010,2010,11,363,0.03
N,Suisun Marsh,NSL,2011,2011,359,361,0.994
Y,Suisun Marsh,NSL,2011,2011,2,361,0.006
N,Suisun Marsh,NSL,2012,2012,366,366,1
Y,Suisun Marsh,NSL,2012,2012,0,366,0
N,Suisun Marsh,NSL,2013,2013,327,365,0.896
Y,Suisun Marsh,NSL,2013,2013,38,365,0.104
N,Suisun Marsh,NSL,2014,2014,301,363,0.829
Y,Suisun Marsh,NSL,2014,2014,62,363,0.171
N,Suisun Marsh,NSL,2015,2015,269,346,0.777
Y,Suisun Marsh,NSL,2015,2015,77,346,0.223
N,Suisun Marsh,NSL,2016,2016,269,314,0.857
Y,Suisun Marsh,NSL,2016,2016,45,314,0.143
N,Suisun Marsh,NSL,2017,2017,278,362,0.768
Y,Suisun Marsh,NSL,2017,2017,84,362,0.232
N,Suisun Marsh,NSL,2018,2018,313,362,0.865
Y,Suisun Marsh,NSL,2018,2018,49,362,0.135
N,Suisun Marsh,NSL,2019,2019,271,363,0.747
Y,Suisun Marsh,NSL,2019,2019,92,363,0.253
N,Suisun Marsh,SNC,2010,2010,349,365,0.956
Y,Suisun Marsh,SNC,2010,2010,16,365,0.044
N,Suisun Marsh,SNC,2011,2011,341,363,0.939
Y,Suisun Marsh,SNC,2011,2011,22,363,0.061
N,Suisun Marsh,SNC,2012,2012,339,366,0.926
Y,Suisun Marsh,SNC,2012,2012,27,366,0.074
N,Suisun Marsh,SNC,2013,2013,334,360,0.928
Y,Suisun Marsh,SNC,2013,2013,26,360,0.072
N,Suisun Marsh,SNC,2014,2014,321,356,0.902
Y,Suisun Marsh,SNC,2014,2014,35,356,0.098
N,Suisun Marsh,SNC,2015,2015,305,363,0.84
Y,Suisun Marsh,SNC,2015,2015,58,363,0.16
N,Suisun Marsh,SNC,2016,2016,323,356,0.907
Y,Suisun Marsh,SNC,2016,2016,33,356,0.093
N,Suisun Marsh,SNC,2017,2017,296,359,0.825
Y,Suisun Marsh,SNC,2017,2017,63,359,0.175
N,Suisun Marsh,SNC,2018,2018,337,361,0.934
Y,Suisun Marsh,SNC,2018,2018,24,361,0.066
N,Suisun Marsh,SNC,2019,2019,288,360,0.8
Y,Suisun Marsh,SNC,2019,2019,72,360,0.2
N,Suisun Marsh,TEA,2011,2011,342,361,0.947
Y,Suisun Marsh,TEA,2011,2011,19,361,0.053
N,Suisun Marsh,TEA,2012,2012,353,366,0.964
Y,Suisun Marsh,TEA,2012,2012,13,366,0.036
N,Suisun Marsh,TEA,2013,2013,351,363,0.967
Y,Suisun Marsh,TEA,2013,2013,12,363,0.033
N,Suisun Marsh,TEA,2014,2014,330,363,0.909
Y,Suisun Marsh,TEA,2014,2014,33,363,0.091
N,Suisun Marsh,TEA,2015,2015,320,362,0.884
Y,Suisun Marsh,TEA,2015,2015,42,362,0.116
N,Suisun Marsh,TEA,2016,2016,346,363,0.953
Y,Suisun Marsh,TEA,2016,2016,17,363,0.047
N,Suisun Marsh,TEA,2017,2017,313,362,0.865
Y,Suisun Marsh,TEA,2017,2017,49,362,0.135
N,Suisun Marsh,TEA,2018,2018,346,360,0.961
Y,Suisun Marsh,TEA,2018,2018,14,360,0.039
N,Suisun Marsh,TEA,2019,2019,291,362,0.804
Y,Suisun Marsh,TEA,2019,2019,71,362,0.196
N,Suisun Marsh,VOL,2010,2010,314,364,0.863
Y,Suisun Marsh,VOL,2010,2010,50,364,0.137
N,Suisun Marsh,VOL,2011,2011,339,363,0.934
Y,Suisun Marsh,VOL,2011,2011,24,363,0.066
N,Suisun Marsh,VOL,2012,2012,340,366,0.929
Y,Suisun Marsh,VOL,2012,2012,26,366,0.071
N,Suisun Marsh,VOL,2013,2013,329,365,0.901
Y,Suisun Marsh,VOL,2013,2013,36,365,0.099
N,Suisun Marsh,VOL,2014,2014,319,363,0.879
Y,Suisun Marsh,VOL,2014,2014,44,363,0.121
N,Suisun Marsh,VOL,2015,2015,297,362,0.82
Y,Suisun Marsh,VOL,2015,2015,65,362,0.18
N,Suisun Marsh,VOL,2016,2016,335,364,0.92
Y,Suisun Marsh,VOL,2016,2016,29,364,0.08
N,Suisun Marsh,VOL,2017,2017,287,362,0.793
Y,Suisun Marsh,VOL,2017,2017,75,362,0.207
N,Suisun Marsh,VOL,2018,2018,313,362,0.865
Y,Suisun Marsh,VOL,2018,2018,49,362,0.135
N,Suisun Marsh,VOL,2019,2019,261,363,0.719
Y,Suisun Marsh,VOL,2019,2019,102,363,0.281
